trial,channel,true_ratio,value_large,value_small,reader_estimate,absolute_error,response_time_ms
28,colour,0.55,64,35.2,0.0,0.55,9518.0
16,angle,0.55,88,48.4,40.0,0.15000000000000002,12726.7
24,area,0.85,79,67.15,20.0,0.6499999999999999,13480.8
18,angle,0.85,82,69.7,45.0,0.39999999999999997,5475.9
9,length,0.4,78,31.2,50.0,0.09999999999999998,4914.0
10,length,0.55,48,26.4,60.0,0.04999999999999993,5393.8
29,colour,0.7,54,37.8,100.0,0.30000000000000004,11177.1
25,colour,0.15,82,12.3,50.0,0.35,3514.3
13,angle,0.15,72,10.8,20.0,0.05000000000000002,4164.5
1,position,0.15,76,11.4,40.0,0.25,7953.9
5,position,0.7,61,42.7,30.0,0.39999999999999997,8717.9
17,angle,0.7,68,47.6,40.0,0.29999999999999993,5812.8
6,position,0.85,64,54.4,30.0,0.55,4631.9
14,angle,0.25,80,20.0,20.0,0.04999999999999999,2369.8
12,length,0.85,48,40.8,80.0,0.04999999999999993,3389.1
23,area,0.7,45,31.5,10.0,0.6,5320.9
2,position,0.25,59,14.75,40.0,0.15000000000000002,5223.5
3,position,0.4,76,30.4,40.0,0.0,4203.6
26,colour,0.25,79,19.75,50.0,0.25,2806.5
4,position,0.55,68,37.4,40.0,0.15000000000000002,2697.6
22,area,0.55,60,33.0,20.0,0.35000000000000003,2399.3
27,colour,0.4,66,26.4,40.0,0.0,4499.7
19,area,0.15,68,10.2,0.0,0.15,3862.8
30,colour,0.85,65,55.25,50.0,0.35,3022.9
21,area,0.4,86,34.4,0.0,0.4,4331.9
8,length,0.25,86,21.5,20.0,0.04999999999999999,2301.7
11,length,0.7,88,61.6,80.0,0.10000000000000009,2622.5
15,angle,0.4,69,27.6,35.0,0.050000000000000044,3186.8
20,area,0.25,49,12.25,20.0,0.04999999999999999,4589.9
7,length,0.15,70,10.5,10.0,0.04999999999999999,3002.3
