trial,condition,set_size,target_present,response,rt_ms,correct
28,colour,49,no,n,7788.3,True
1,colour,9,yes,y,3778.6,True
13,colour,25,yes,y,3998.4,True
4,colour,9,no,n,4080.1,True
19,colour,36,yes,y,4669.6,True
10,colour,16,no,n,3703.8,True
25,colour,49,yes,y,3198.0,True
16,colour,25,no,n,3812.0,True
7,colour,16,yes,y,3457.3,True
22,colour,36,no,n,4114.2,True
58,shape,49,no,n,3863.3,True
31,shape,9,yes,y,9370.6,True
43,shape,25,yes,y,3675.7,True
34,shape,9,no,n,3259.4,True
49,shape,36,yes,y,4607.7,True
40,shape,16,no,n,3532.1,True
55,shape,49,yes,y,5267.7,True
46,shape,25,no,n,4113.7,True
37,shape,16,yes,y,3165.6,True
52,shape,36,no,n,3123.9,True
88,conjunction,49,no,n,16208.2,True
61,conjunction,9,yes,y,3648.4,True
73,conjunction,25,yes,y,3144.2,True
64,conjunction,9,no,n,3952.7,True
79,conjunction,36,yes,y,3142.7,True
70,conjunction,16,no,n,4081.7,True
85,conjunction,49,yes,y,5154.3,True
76,conjunction,25,no,n,4243.6,True
67,conjunction,16,yes,y,3076.4,True
82,conjunction,36,no,n,4355.8,True
