trial,channel,true_ratio,value_large,value_small,reader_estimate,absolute_error
1,position,0.15,76,11.40,,
2,position,0.25,59,14.75,,
3,position,0.40,76,30.40,,
4,position,0.55,68,37.40,,
5,position,0.70,61,42.70,,
6,position,0.85,64,54.40,,
7,length,0.15,70,10.50,,
8,length,0.25,86,21.50,,
9,length,0.40,78,31.20,,
10,length,0.55,48,26.40,,
11,length,0.70,88,61.60,,
12,length,0.85,48,40.80,,
13,angle,0.15,72,10.80,,
14,angle,0.25,80,20.00,,
15,angle,0.40,69,27.60,,
16,angle,0.55,88,48.40,,
17,angle,0.70,68,47.60,,
18,angle,0.85,82,69.70,,
19,area,0.15,68,10.20,,
20,area,0.25,49,12.25,,
21,area,0.40,86,34.40,,
22,area,0.55,60,33.00,,
23,area,0.70,45,31.50,,
24,area,0.85,79,67.15,,
25,colour,0.15,82,12.30,,
26,colour,0.25,79,19.75,,
27,colour,0.40,66,26.40,,
28,colour,0.55,64,35.20,,
29,colour,0.70,54,37.80,,
30,colour,0.85,65,55.25,,
