panel,group,x,y,colour,shape,size,connector
proximity,g0,1.5130,1.6220,grey,circle,60,none
proximity,g0,1.2277,0.8682,grey,circle,60,none
proximity,g0,0.8520,0.0809,grey,circle,60,none
proximity,g0,0.6835,0.9270,grey,circle,60,none
proximity,g0,0.4485,1.3725,grey,circle,60,none
proximity,g0,0.3101,0.9906,grey,circle,60,none
proximity,g0,1.2591,1.0494,grey,circle,60,none
proximity,g0,0.5814,0.8747,grey,circle,60,none
proximity,g0,1.8144,0.9552,grey,circle,60,none
proximity,g0,0.2972,0.2556,grey,circle,60,none
proximity,g0,1.8058,1.6831,grey,circle,60,none
proximity,g0,1.0462,0.5910,grey,circle,60,none
proximity,g1,6.0955,0.1531,grey,circle,60,none
proximity,g1,6.0902,0.2153,grey,circle,60,none
proximity,g1,6.8498,0.1890,grey,circle,60,none
proximity,g1,7.3217,1.1370,grey,circle,60,none
proximity,g1,6.5068,0.5097,grey,circle,60,none
proximity,g1,6.1635,1.0069,grey,circle,60,none
proximity,g1,6.2279,1.3232,grey,circle,60,none
proximity,g1,6.3591,0.3644,grey,circle,60,none
proximity,g1,6.7859,0.1666,grey,circle,60,none
proximity,g1,7.7535,0.5953,grey,circle,60,none
proximity,g1,7.1744,0.9100,grey,circle,60,none
proximity,g1,7.3405,1.2476,grey,circle,60,none
proximity,g2,0.5301,7.9334,grey,circle,60,none
proximity,g2,1.7427,6.3744,grey,circle,60,none
proximity,g2,0.3702,7.4941,grey,circle,60,none
proximity,g2,1.2081,7.7432,grey,circle,60,none
proximity,g2,0.2127,7.0688,grey,circle,60,none
proximity,g2,0.0117,6.2334,grey,circle,60,none
proximity,g2,0.3435,6.9542,grey,circle,60,none
proximity,g2,1.3836,7.7376,grey,circle,60,none
proximity,g2,1.9316,7.2038,grey,circle,60,none
proximity,g2,0.9734,7.2370,grey,circle,60,none
proximity,g2,1.9478,6.7215,grey,circle,60,none
proximity,g2,1.3476,7.3806,grey,circle,60,none
proximity,g3,6.7900,6.6053,grey,circle,60,none
proximity,g3,6.2502,6.0278,grey,circle,60,none
proximity,g3,6.2238,6.0318,grey,circle,60,none
proximity,g3,7.9410,7.7180,grey,circle,60,none
proximity,g3,6.4185,7.2972,grey,circle,60,none
proximity,g3,7.2995,6.8716,grey,circle,60,none
proximity,g3,7.2521,7.5800,grey,circle,60,none
proximity,g3,6.3818,6.6018,grey,circle,60,none
proximity,g3,6.9269,6.9480,grey,circle,60,none
proximity,g3,6.0436,6.3322,grey,circle,60,none
proximity,g3,6.3048,7.4052,grey,circle,60,none
proximity,g3,7.9277,6.9430,grey,circle,60,none
similarity,g0,6.8784,4.6818,#4477aa,circle,60,none
similarity,g0,1.6107,4.5554,#4477aa,circle,60,none
similarity,g0,6.6707,0.4074,#4477aa,circle,60,none
similarity,g0,0.0630,5.0433,#4477aa,circle,60,none
similarity,g0,5.7047,7.8359,#4477aa,circle,60,none
similarity,g0,6.7889,5.8966,#4477aa,circle,60,none
similarity,g0,4.7667,4.4344,#4477aa,circle,60,none
similarity,g0,2.3262,3.9000,#4477aa,circle,60,none
similarity,g0,3.8888,4.7283,#4477aa,circle,60,none
similarity,g0,4.8920,5.4293,#4477aa,circle,60,none
similarity,g0,6.5335,3.9032,#4477aa,circle,60,none
similarity,g0,5.7143,4.2265,#4477aa,circle,60,none
similarity,g1,3.3760,2.5268,#ee6677,circle,60,none
similarity,g1,0.5081,7.1430,#ee6677,circle,60,none
similarity,g1,3.3371,3.7867,#ee6677,circle,60,none
similarity,g1,3.9583,7.5117,#ee6677,circle,60,none
similarity,g1,2.7741,5.5801,#ee6677,circle,60,none
similarity,g1,0.1665,2.3041,#ee6677,circle,60,none
similarity,g1,1.5376,2.7508,#ee6677,circle,60,none
similarity,g1,1.8568,1.7576,#ee6677,circle,60,none
similarity,g1,7.2726,2.7132,#ee6677,circle,60,none
similarity,g1,4.8168,6.7397,#ee6677,circle,60,none
similarity,g1,5.2557,1.0493,#ee6677,circle,60,none
similarity,g1,2.3472,5.6911,#ee6677,circle,60,none
similarity,g2,7.6784,6.6646,#228833,circle,60,none
similarity,g2,5.3849,5.8767,#228833,circle,60,none
similarity,g2,6.3678,6.3980,#228833,circle,60,none
similarity,g2,6.7563,4.9747,#228833,circle,60,none
similarity,g2,2.2597,5.9940,#228833,circle,60,none
similarity,g2,5.3365,1.0328,#228833,circle,60,none
similarity,g2,1.5959,4.8460,#228833,circle,60,none
similarity,g2,0.8072,3.3279,#228833,circle,60,none
similarity,g2,7.9501,2.4292,#228833,circle,60,none
similarity,g2,1.6755,0.3764,#228833,circle,60,none
similarity,g2,0.1450,7.0472,#228833,circle,60,none
similarity,g2,2.8564,1.2688,#228833,circle,60,none
similarity,g3,6.6236,7.1557,#ccbb44,circle,60,none
similarity,g3,0.2558,0.5093,#ccbb44,circle,60,none
similarity,g3,3.4450,4.9405,#ccbb44,circle,60,none
similarity,g3,0.9655,1.7928,#ccbb44,circle,60,none
similarity,g3,2.0626,2.7226,#ccbb44,circle,60,none
similarity,g3,2.8419,0.3734,#ccbb44,circle,60,none
similarity,g3,7.0217,2.1399,#ccbb44,circle,60,none
similarity,g3,1.2094,5.5211,#ccbb44,circle,60,none
similarity,g3,4.1231,5.3559,#ccbb44,circle,60,none
similarity,g3,5.6512,7.4131,#ccbb44,circle,60,none
similarity,g3,3.5026,3.6571,#ccbb44,circle,60,none
similarity,g3,6.7328,0.8874,#ccbb44,circle,60,none
enclosure,g0,0.5541,1.7654,grey,circle,60,none
enclosure,g0,2.1772,2.5737,grey,circle,60,none
enclosure,g0,2.2767,0.4007,grey,circle,60,none
enclosure,g0,0.5530,1.8118,grey,circle,60,none
enclosure,g0,2.3901,2.4864,grey,circle,60,none
enclosure,g0,0.6769,1.0011,grey,circle,60,none
enclosure,g0,1.3596,1.5142,grey,circle,60,none
enclosure,g0,2.0581,0.5383,grey,circle,60,none
enclosure,g0,1.8530,1.1031,grey,circle,60,none
enclosure,g0,0.6307,2.3366,grey,circle,60,none
enclosure,g0,1.3539,1.2978,grey,circle,60,none
enclosure,g0,2.1457,0.8888,grey,circle,60,none
enclosure,g1,7.2419,1.1192,grey,circle,60,none
enclosure,g1,6.5121,0.5046,grey,circle,60,none
enclosure,g1,6.1938,2.1116,grey,circle,60,none
enclosure,g1,6.1655,1.8960,grey,circle,60,none
enclosure,g1,5.6639,2.1084,grey,circle,60,none
enclosure,g1,6.3121,0.8476,grey,circle,60,none
enclosure,g1,7.2242,1.2922,grey,circle,60,none
enclosure,g1,6.2823,1.4010,grey,circle,60,none
enclosure,g1,7.3457,2.2071,grey,circle,60,none
enclosure,g1,6.1683,0.3714,grey,circle,60,none
enclosure,g1,5.6494,0.3239,grey,circle,60,none
enclosure,g1,7.2350,2.5647,grey,circle,60,none
enclosure,g2,0.5035,6.0555,grey,circle,60,none
enclosure,g2,2.6567,5.6944,grey,circle,60,none
enclosure,g2,0.4475,7.1221,grey,circle,60,none
enclosure,g2,1.8844,6.8395,grey,circle,60,none
enclosure,g2,2.4660,5.4387,grey,circle,60,none
enclosure,g2,1.8159,7.0121,grey,circle,60,none
enclosure,g2,1.8849,6.5475,grey,circle,60,none
enclosure,g2,1.0097,6.2648,grey,circle,60,none
enclosure,g2,1.9341,6.6287,grey,circle,60,none
enclosure,g2,1.0304,7.0825,grey,circle,60,none
enclosure,g2,2.4822,5.3190,grey,circle,60,none
enclosure,g2,0.9715,6.5667,grey,circle,60,none
enclosure,g3,7.5091,6.9807,grey,circle,60,none
enclosure,g3,6.3709,5.7923,grey,circle,60,none
enclosure,g3,6.6066,7.1920,grey,circle,60,none
enclosure,g3,6.8649,6.9739,grey,circle,60,none
enclosure,g3,7.4304,7.1758,grey,circle,60,none
enclosure,g3,6.2708,5.7735,grey,circle,60,none
enclosure,g3,6.0237,5.3887,grey,circle,60,none
enclosure,g3,6.1028,7.0402,grey,circle,60,none
enclosure,g3,7.0761,5.6024,grey,circle,60,none
enclosure,g3,7.6806,5.9814,grey,circle,60,none
enclosure,g3,5.5228,6.6243,grey,circle,60,none
enclosure,g3,6.5512,7.1169,grey,circle,60,none
continuity,g0,0.0000,1.0000,grey,circle,45,none
continuity,g0,0.3478,1.3834,grey,circle,45,none
continuity,g0,0.6957,1.7646,grey,circle,45,none
continuity,g0,1.0435,2.1412,grey,circle,45,none
continuity,g0,1.3913,2.5111,grey,circle,45,none
continuity,g0,1.7391,2.8723,grey,circle,45,none
continuity,g0,2.0870,3.2230,grey,circle,45,none
continuity,g0,2.4348,3.5614,grey,circle,45,none
continuity,g0,2.7826,3.8861,grey,circle,45,none
continuity,g0,3.1304,4.1959,grey,circle,45,none
continuity,g0,3.4783,4.4899,grey,circle,45,none
continuity,g0,3.8261,4.7675,grey,circle,45,none
continuity,g0,4.1739,5.0283,grey,circle,45,none
continuity,g0,4.5217,5.2725,grey,circle,45,none
continuity,g0,4.8696,5.5002,grey,circle,45,none
continuity,g0,5.2174,5.7121,grey,circle,45,none
continuity,g0,5.5652,5.9092,grey,circle,45,none
continuity,g0,5.9130,6.0925,grey,circle,45,none
continuity,g0,6.2609,6.2636,grey,circle,45,none
continuity,g0,6.6087,6.4241,grey,circle,45,none
continuity,g0,6.9565,6.5760,grey,circle,45,none
continuity,g0,7.3043,6.7211,grey,circle,45,none
continuity,g0,7.6522,6.8617,grey,circle,45,none
continuity,g0,8.0000,7.0000,grey,circle,45,none
continuity,g1,0.0000,7.0000,grey,circle,45,none
continuity,g1,0.3478,6.6166,grey,circle,45,none
continuity,g1,0.6957,6.2354,grey,circle,45,none
continuity,g1,1.0435,5.8588,grey,circle,45,none
continuity,g1,1.3913,5.4889,grey,circle,45,none
continuity,g1,1.7391,5.1277,grey,circle,45,none
continuity,g1,2.0870,4.7770,grey,circle,45,none
continuity,g1,2.4348,4.4386,grey,circle,45,none
continuity,g1,2.7826,4.1139,grey,circle,45,none
continuity,g1,3.1304,3.8041,grey,circle,45,none
continuity,g1,3.4783,3.5101,grey,circle,45,none
continuity,g1,3.8261,3.2325,grey,circle,45,none
continuity,g1,4.1739,2.9717,grey,circle,45,none
continuity,g1,4.5217,2.7275,grey,circle,45,none
continuity,g1,4.8696,2.4998,grey,circle,45,none
continuity,g1,5.2174,2.2879,grey,circle,45,none
continuity,g1,5.5652,2.0908,grey,circle,45,none
continuity,g1,5.9130,1.9075,grey,circle,45,none
continuity,g1,6.2609,1.7364,grey,circle,45,none
continuity,g1,6.6087,1.5759,grey,circle,45,none
continuity,g1,6.9565,1.4240,grey,circle,45,none
continuity,g1,7.3043,1.2789,grey,circle,45,none
continuity,g1,7.6522,1.1383,grey,circle,45,none
continuity,g1,8.0000,1.0000,grey,circle,45,none
closure,g0,7.0000,4.0000,grey,circle,45,none
closure,g0,6.8978,4.7765,grey,circle,45,none
closure,g0,6.5981,5.5000,grey,circle,45,none
closure,g0,6.1213,6.1213,grey,circle,45,none
closure,g0,5.5000,6.5981,grey,circle,45,none
closure,g0,4.7765,6.8978,grey,circle,45,none
closure,g0,4.0000,7.0000,grey,circle,45,none
closure,g0,3.2235,6.8978,grey,circle,45,none
closure,g0,1.4019,5.5000,grey,circle,45,none
closure,g0,1.1022,4.7765,grey,circle,45,none
closure,g0,1.0000,4.0000,grey,circle,45,none
closure,g0,1.1022,3.2235,grey,circle,45,none
closure,g0,1.4019,2.5000,grey,circle,45,none
closure,g0,1.8787,1.8787,grey,circle,45,none
closure,g0,2.5000,1.4019,grey,circle,45,none
closure,g0,3.2235,1.1022,grey,circle,45,none
closure,g0,4.0000,1.0000,grey,circle,45,none
closure,g0,4.7765,1.1022,grey,circle,45,none
closure,g0,5.5000,1.4019,grey,circle,45,none
closure,g0,6.1213,1.8787,grey,circle,45,none
closure,g0,6.5981,2.5000,grey,circle,45,none
closure,g0,6.8978,3.2235,grey,circle,45,none
closure,g1,6.0000,4.0000,grey,circle,45,none
closure,g1,5.9319,4.5176,grey,circle,45,none
closure,g1,5.7321,5.0000,grey,circle,45,none
closure,g1,5.4142,5.4142,grey,circle,45,none
closure,g1,5.0000,5.7321,grey,circle,45,none
closure,g1,4.5176,5.9319,grey,circle,45,none
closure,g1,4.0000,6.0000,grey,circle,45,none
closure,g1,3.4824,5.9319,grey,circle,45,none
closure,g1,2.2679,5.0000,grey,circle,45,none
closure,g1,2.0681,4.5176,grey,circle,45,none
closure,g1,2.0000,4.0000,grey,circle,45,none
closure,g1,2.0681,3.4824,grey,circle,45,none
closure,g1,2.2679,3.0000,grey,circle,45,none
closure,g1,2.5858,2.5858,grey,circle,45,none
closure,g1,3.0000,2.2679,grey,circle,45,none
closure,g1,3.4824,2.0681,grey,circle,45,none
closure,g1,4.0000,2.0000,grey,circle,45,none
closure,g1,4.5176,2.0681,grey,circle,45,none
closure,g1,5.0000,2.2679,grey,circle,45,none
closure,g1,5.4142,2.5858,grey,circle,45,none
closure,g1,5.7321,3.0000,grey,circle,45,none
closure,g1,5.9319,3.4824,grey,circle,45,none
connection,pair0,1.2802,0.2231,#4477aa,circle,60,pair0
connection,pair0,2.1700,0.5006,#ee6677,circle,60,pair0
connection,pair1,1.9307,6.1933,#4477aa,circle,60,pair1
connection,pair1,2.6102,7.6541,#ee6677,circle,60,pair1
connection,pair2,0.8835,0.4796,#4477aa,circle,60,pair2
connection,pair2,0.5025,0.8605,#ee6677,circle,60,pair2
connection,pair3,2.8358,0.3819,#4477aa,circle,60,pair3
connection,pair3,3.2887,-0.7439,#ee6677,circle,60,pair3
connection,pair4,2.3837,5.8949,#4477aa,circle,60,pair4
connection,pair4,2.2431,7.3437,#ee6677,circle,60,pair4
connection,pair5,6.4431,7.9120,#4477aa,circle,60,pair5
connection,pair5,6.6399,9.0950,#ee6677,circle,60,pair5
connection,pair6,5.0220,4.2663,#4477aa,circle,60,pair6
connection,pair6,5.3086,3.8173,#ee6677,circle,60,pair6
connection,pair7,2.2763,6.2783,#4477aa,circle,60,pair7
connection,pair7,2.9208,6.7956,#ee6677,circle,60,pair7
connection,pair8,5.7148,4.1573,#4477aa,circle,60,pair8
connection,pair8,4.9577,3.6409,#ee6677,circle,60,pair8
connection,pair9,4.6590,6.5827,#4477aa,circle,60,pair9
connection,pair9,4.2428,5.3767,#ee6677,circle,60,pair9
connection,pair10,5.6931,6.6275,#4477aa,circle,60,pair10
connection,pair10,4.4390,5.3141,#ee6677,circle,60,pair10
connection,pair11,7.1081,3.8100,#4477aa,circle,60,pair11
connection,pair11,6.9466,3.4179,#ee6677,circle,60,pair11
connection,pair12,4.2100,4.7059,#4477aa,circle,60,pair12
connection,pair12,4.2669,4.3903,#ee6677,circle,60,pair12
connection,pair13,2.1095,3.9906,#4477aa,circle,60,pair13
connection,pair13,1.8798,3.8109,#ee6677,circle,60,pair13
connection,pair14,7.4483,3.9163,#4477aa,circle,60,pair14
connection,pair14,8.8681,4.8878,#ee6677,circle,60,pair14
connection,pair15,1.1548,1.0170,#4477aa,circle,60,pair15
connection,pair15,1.7882,-0.0949,#ee6677,circle,60,pair15
connection,pair16,5.6362,6.9062,#4477aa,circle,60,pair16
connection,pair16,4.4904,6.0441,#ee6677,circle,60,pair16
connection,pair17,3.7868,5.9720,#4477aa,circle,60,pair17
connection,pair17,5.1191,5.5800,#ee6677,circle,60,pair17
connection,pair18,7.6146,4.8128,#4477aa,circle,60,pair18
connection,pair18,7.3404,3.6754,#ee6677,circle,60,pair18
connection,pair19,4.5741,0.3223,#4477aa,circle,60,pair19
connection,pair19,3.5340,-0.0633,#ee6677,circle,60,pair19
connection,pair20,7.9282,2.4261,#4477aa,circle,60,pair20
connection,pair20,7.8859,3.2997,#ee6677,circle,60,pair20
connection,pair21,1.1371,4.7170,#4477aa,circle,60,pair21
connection,pair21,-0.2169,5.8998,#ee6677,circle,60,pair21
connection,pair22,7.1125,1.7247,#4477aa,circle,60,pair22
connection,pair22,8.0698,1.6910,#ee6677,circle,60,pair22
connection,pair23,0.9786,2.7892,#4477aa,circle,60,pair23
connection,pair23,2.0899,2.5419,#ee6677,circle,60,pair23
